Nome Comune,URL
Bobbio Pellice,http://comune.bobbiopellice.to.it
Bosconero,http://bosconerocanavese.it
Brusasco,http://comune.brusasco.to.gov.it
Bruzolo,http://comune.bruzolo.to.it
Ciriè,http://cirie.net
Collegno,http://comune.collegno.gov.it
Gassino Torinese,http://gassino.gov.it
Grugliasco,http://comune.grugliasco.to.it
Isolabella,http://comune.isolabella.to.it
Lauriano,http://comune.lauriano.to.it
Loranzè,http://comuneloranze.to.it
Lusernetta,http://lusernetta.gov.it
Massello,http://comunemassello.to.it
Monastero di Lanzo,http://comune.monasterodilanzo.to.it
Rondissone,http://comune-rondissone.to.it
Sangano,http://comune.sangano.to.it
San Mauro Torinese,http://comune.sanmaurotorinese.to.it
Sant'Ambrogio di Torino,http://comune.santambrogioditorino.to.it
Settimo Rottaro,http://siti.intornoallago.it/portale/I-comuni-d/Settimo-Ro/index.htm
Torre Pellice,http://comunetorrepellice.to.it
Val della Torre,http://valdellatorre.gov.it
Villastellone,http://comune.villastellone.to.it
Albano Vercellese,http://comune.albano.vercellese.vc.it
Borgo Vercelli,http://comuneborgovercelli.it/
Caresana,http://comune.caresana.vc.it
Cigliano,http://cigliano.net
Cravagliana,http://comune.cravagliana.vc.it/
Ghislarengo,http://comune.ghislarengo.vc.it/
Lignana,http://comune.lignana.vc.it
Motta de' Conti,http://comune.mottadeconti.vc.it/
Pertengo,http://comune.pertengo.vc.it
Rimella,http://comune.rimella.vc.it
Rovasenda,http://comune.rovasenda.vc.it
Sali Vercellese,http://comune.salivercellese.vc.it
San Germano Vercellese,http://comune.sangermanovercellese.vc.it
Stroppiana,http://comune.stroppiana.vc.it
Borgo Ticino,http://comuneborgoticino.no.it
Nebbiuno,http://comune.nebbiuno.no.it
Paruzzaro,http://comune.paruzzaro.no.it
Pogno,http://comune.pogno.no.it
Pombia,http://comune.pombia.no.it
Prato Sesia,http://comune.prato-sesia.no.it
Romagnano Sesia,http://comune.romagnano-sesia.no.it
San Maurizio d'Opaglio,http://comunesanmauriziodopaglio.no.it
Suno,http://comune.suno.novara.it
Tornaco,http://comune.tornaco.no.it
Varallo Pombia,http://comune.varallopombia.no.it
Vespolate,http://comune.vespolate.no.it
Vicolungo,http://comune.vicolungo.no.it
Vinzaglio,http://comune.vinzaglio.no.it
Gattico-Veruno,http://comune.gattico-veruno.no.it
Acceglio,http://comune.acceglio.cn.it
Bagnasco,http://comune.bagnasco.cn.it
Benevello,http://comune.benevello.cn.it
Bergolo,http://comune.bergolo.it
Brondello,http://comune.brondello.cn.it
Caramagna Piemonte,http://comune.caramagnapiemonte.cn.it
Cartignano,http://comune.cartignano.cn
Casalgrasso,http://comune.casalgrasso.cn.it
Castagnito,http://comune.castagnito.cn.it
Castellino Tanaro,http://comune.castellinotanaro.cn.it
Castelmagno,http://comune.castelmagno.cn.it/
Castelnuovo di Ceva,http://comune.castelnuovodiceva.cn.it
Castino,http://comune.castino.cn.it
Cavallerleone,http://comunecavallerleone.it
Cervasca,http://comune.cervasca.cn.it
Chiusa di Pesio,http://comune.chiusadipesio.cn.it/
Cigliè,http://comune.ciglie.cn.it
Clavesana,http://comune.clavesana.cn.it
Corneliano d'Alba,http://comunecornelianodalba.it
Elva,http://comune.cn.it
Entracque,http://comune.entracque.cn.it
Grinzane Cavour,http://langabarolo.it
Isasca,http://isasca.gov.it
La Morra,http://comune.lamorra.cn.it
Lisio,http://comune.lisio.cn.it
Macra,http://comunedimacra.cn.it
Monchiero,http://monchiero.cn.it
Montaldo di Mondovì,http://comune.montaldodimondovi.cn.it
Montelupo Albese,http://comune.montelupoalbese.cn.it
Montezemolo,http://comune.montezemolo.cn.it
Niella Belbo,http://comune.niellabelbo.cn.it
Oncino,http://comuneoncino.it
Pianfei,http://comune.pianfei.cn.it
Piobesi d'Alba,http://comune.piobesidalba.cn.it/
Polonghera,http://comune.polonghera.cn.it
Priola,http://comune.priola.cn.it
Roaschia,http://comune.roaschia.cn.it
Rodello,http://comune.rodello.cn.it
Ruffia,http://comune.ruffia.cn.it
Sale delle Langhe,http://salelanghe.it
Saliceto,http://comunesaliceto.it
San Benedetto Belbo,http://comune.sanbenedettobelbo.cn.it
Scagnello,http://comune.scagnello.cn.it
Serralunga d'Alba,http://comune.serralungadalba.cn.it
Somano,http://comune.somano.cn.it
Tarantasca,http://comune.tarantasca.cn.it
Torre Mondovì,http://comune.torremondovi.cn.it
Valgrana,http://comune.valgrana.cn.it
Verduno,http://comune.verduno.cn.it
Verzuolo,http://comune.verzuolo.it
Baldichieri d'Asti,http://comune.baldichieri.dasti.at.it
Costigliole d'Asti,http://comune.costigliole.at.it
Passerano Marmorito,http://comune.passeranomarmorito.it
Quaranti,http://comune.quaranti.at.it
Scurzolengo,http://comune.scorzolengo.at.it
Settime,http://comune.settime.at.it
Belforte Monferrato,http://comune.belfortemonferrato.al.it
Berzano di Tortona,http://comuneberzanoditortona.it
Casaleggio Boiro,http://comunecasaleggioboiro.al.it
Casale Monferrato,http://comune.casale-monferrato.al.it
Castellazzo Bormida,http://comune.castellazzobormida.al.it
Castelnuovo Bormida,http://comune.castelnuovobormida.al.it
Cereseto,http://comune.cereseto.al.it
Denice,http://comunedenice.it
Isola Sant'Antonio,http://comuneisolasantantonio.al.it
Mirabello Monferrato,http://comune.mirabellomonferrato.al.it
Molino dei Torti,http://comune.molinodeitorti.al.it
Morano sul Po,http://comune.moranosulpo.al.it
Novi Ligure,http://comune.noviligure.al.it
Oviglio,http://comune.oviglio.al.it
Pomaro Monferrato,http://comune.pomaromonferrato.al.it
Pozzolo Formigaro,http://comune.pozzoloformigaro.al.it
Sale,http://comune.sale.al.it
San Sebastiano Curone,http://comunesansebastianocurone.it
Sant'Agata Fossili,http://santagatafossili.al.it
Trisobbio,http://comune.trisobbio.al.it
Valmacca,http://comune.valmacca.it
Brusson,http://comune.brusson.ao.it
Challand-Saint-Victor,http://comune.challand-st-victor.ao.it
Chambave,http://chambave.ao.it
Cogne,http://comune.cogne.ao.it
Fénis,http://comune.fenis.ao.it
Jovencan,http://comune.jovencan.ao.it
Nus,http://comune.nus.ao.it
Pontey,http://comune.pontey.ao.it
Pont-Saint-Martin,http://comune.pontsaintmartin.ao.it
Saint-Denis,http://comune.saintdenis.ao.it
Saint-Marcel,http://comune.saintmarcel.ao.it
Saint-Nicolas,http://comune.saint-nicolas.ao.it
Saint-Pierre,http://comune.saint-pierre.ao.it
Valgrisenche,http://comune.valgrisenche.ao.it
Valsavarenche,http://comune.valsavarenche.ao.it
Verrayes,http://comune.verrayes.ao.it
Chiusavecchia,http://comune.chiusavecchia.im.it
Cosio d'Arroscia,http://comunecosiodiarroscia.info
Costarainera,http://comune.costarainera.im.it
Dolcedo,http://comune.dolcedo.im.it
Pietrabruna,http://comunepietrabruna.it
Pigna,http://comune.pigna.im.it
San Biagio della Cima,http://sanbiagiodellacima.gov.it/
Vallebona,http://vallebona.info
Vallecrosia,http://comune.vallecrosia.im.it
Altare,http://comune.altare.sv.it
Bergeggi,http://comune.bergeggi.gov.it
Borgio Verezzi,http://comuneborgioverezzi.it
Cairo Montenotte,http://comunecairomontenotte.gov.it
Celle Ligure,http://comune.celle.sv.it
Erli,http://comune.erli.sv.it
Laigueglia,http://comunelaigueglia.net
Magliolo,http://comune.magliolo.sv.it
Mallare,http://comune.mallare.sv.it
Massimino,http://comune.massimino.sv.it
Millesimo,http://comunemillesimo.gov.it
Mioglia,http://comune.mioglia.sv.it
Plodio,http://comune.plodio.sv.it
Pontinvrea,http://comune.pontinvrea.sv.it
Sassello,http://comune.sassello.sv.gov.it/
Testico,http://comune.testico.it
Vezzi Portio,http://comune.vezziportio.gov.it
Castiglione Chiavarese,http://comune.castiglione-chiavarese.ge.it
Fascia,http://comune.fascia.ge.it
Gorreto,http://comune.gorreto.ge.it
Recco,http://comune.recco.ge.it
Rossiglione,http://comune.rossiglione.ge.it
Sestri Levante,http://comune.sestri-levante.ge.it
Vobbia,http://http://vobbia.unionedelloscrivia.ge.it
Ameglia,http://comune.ameglia.sp.it
Borghetto di Vara,http://comuneborghettodivara.net
Deiva Marina,http://comune.deivamarina.sp.it
La Spezia,http://comune.sp.it
Lerici,http://comune.lerici.sp.it
Portovenere,http://comune.portovenere.sp.it
Riomaggiore,http://comune.riomaggiore.sp.it
Sarzana,http://comunesarzana.gov.it
Sesta Godano,http://comunesestagodano.sp.it
