Nome Comune,URL,Percorso Screenshot,Conforme,Media Matches,Percorso Matches
Agliè,http://comune.aglie.to.it,C:\Users\giuli\Desktop\Scraping comuni\Screenshots\Aglie.jpg,No,0,C:\Users\giuli\Desktop\Scraping comuni\Matches\Aglie.jpg
Airasca,http://comune.airasca.to.it,C:\Users\giuli\Desktop\Scraping comuni\Screenshots\Airasca.jpg,No,0,C:\Users\giuli\Desktop\Scraping comuni\Matches\Airasca.jpg
Ala di Stura,http://comunealadistura.it,C:\Users\giuli\Desktop\Scraping comuni\Screenshots\Ala_di_Stura.jpg,No,0,C:\Users\giuli\Desktop\Scraping comuni\Matches\Ala_di_Stura.jpg
Albiano d'Ivrea,http://comune.albianodivrea.to.it,C:\Users\giuli\Desktop\Scraping comuni\Screenshots\Albiano_d'Ivrea.jpg,No,0,C:\Users\giuli\Desktop\Scraping comuni\Matches\Albiano_d'Ivrea.jpg
Almese,http://comune.almese.to.it,C:\Users\giuli\Desktop\Scraping comuni\Screenshots\Almese.jpg,No,0,C:\Users\giuli\Desktop\Scraping comuni\Matches\Almese.jpg
Alpette,http://comune.alpette.to.it,C:\Users\giuli\Desktop\Scraping comuni\Screenshots\Alpette.jpg,No,0,C:\Users\giuli\Desktop\Scraping comuni\Matches\Alpette.jpg
Alpignano,http://comune.alpignano.to.it,C:\Users\giuli\Desktop\Scraping comuni\Screenshots\Alpignano.jpg,No,0,C:\Users\giuli\Desktop\Scraping comuni\Matches\Alpignano.jpg
Andezeno,http://comune.andezeno.to.it,C:\Users\giuli\Desktop\Scraping comuni\Screenshots\Andezeno.jpg,No,0,C:\Users\giuli\Desktop\Scraping comuni\Matches\Andezeno.jpg
Andrate,http://comune.andrate.to.it,C:\Users\giuli\Desktop\Scraping comuni\Screenshots\Andrate.jpg,No,0,C:\Users\giuli\Desktop\Scraping comuni\Matches\Andrate.jpg
Angrogna,http://comune.angrogna.to.it,C:\Users\giuli\Desktop\Scraping comuni\Screenshots\Angrogna.jpg,No,0,C:\Users\giuli\Desktop\Scraping comuni\Matches\Angrogna.jpg
Arignano,http://comune.arignano.to.it,C:\Users\giuli\Desktop\Scraping comuni\Screenshots\Arignano.jpg,No,0,C:\Users\giuli\Desktop\Scraping comuni\Matches\Arignano.jpg
Arignano,http://comune.arignano.to.it,C:\Users\giuli\Desktop\Scraping comuni\Screenshots\Arignano.jpg,No,0,C:\Users\giuli\Desktop\Scraping comuni\Matches\Arignano.jpg
Avigliana,http://comune.avigliana.to.it,C:\Users\giuli\Desktop\Scraping comuni\Screenshots\Avigliana.jpg,No,0,C:\Users\giuli\Desktop\Scraping comuni\Matches\Avigliana.jpg
Azeglio,http://comune.azeglio.to.it,C:\Users\giuli\Desktop\Scraping comuni\Screenshots\Azeglio.jpg,No,0,C:\Users\giuli\Desktop\Scraping comuni\Matches\Azeglio.jpg
Bairo,http://comune.bairo.to.it,C:\Users\giuli\Desktop\Scraping comuni\Screenshots\Bairo.jpg,No,0,C:\Users\giuli\Desktop\Scraping comuni\Matches\Bairo.jpg
Balangero,http://comune.balangero.to.it,C:\Users\giuli\Desktop\Scraping comuni\Screenshots\Balangero.jpg,No,0,C:\Users\giuli\Desktop\Scraping comuni\Matches\Balangero.jpg
Baldissero Canavese,http://comune.baldisserocanavese.to.it,C:\Users\giuli\Desktop\Scraping comuni\Screenshots\Baldissero_Canavese.jpg,No,0,C:\Users\giuli\Desktop\Scraping comuni\Matches\Baldissero_Canavese.jpg
Baldissero Torinese,http://comune.baldisserotorinese.to.it,C:\Users\giuli\Desktop\Scraping comuni\Screenshots\Baldissero_Torinese.jpg,No,0,C:\Users\giuli\Desktop\Scraping comuni\Matches\Baldissero_Torinese.jpg
Balme,http://comune.balme.to.it,C:\Users\giuli\Desktop\Scraping comuni\Screenshots\Balme.jpg,No,0,C:\Users\giuli\Desktop\Scraping comuni\Matches\Balme.jpg
Banchette,http://comune.banchette.to.it,C:\Users\giuli\Desktop\Scraping comuni\Screenshots\Banchette.jpg,No,0,C:\Users\giuli\Desktop\Scraping comuni\Matches\Banchette.jpg
Barbania,http://comune.barbania.to.it,C:\Users\giuli\Desktop\Scraping comuni\Screenshots\Barbania.jpg,No,0,C:\Users\giuli\Desktop\Scraping comuni\Matches\Barbania.jpg
Bardonecchia,http://comune.bardonecchia.to.it,C:\Users\giuli\Desktop\Scraping comuni\Screenshots\Bardonecchia.jpg,No,0,C:\Users\giuli\Desktop\Scraping comuni\Matches\Bardonecchia.jpg
Barone Canavese,http://comune.barone.to.it,C:\Users\giuli\Desktop\Scraping comuni\Screenshots\Barone_Canavese.jpg,No,0,C:\Users\giuli\Desktop\Scraping comuni\Matches\Barone_Canavese.jpg
Beinasco,http://comune.beinasco.to.it,C:\Users\giuli\Desktop\Scraping comuni\Screenshots\Beinasco.jpg,No,0,C:\Users\giuli\Desktop\Scraping comuni\Matches\Beinasco.jpg
Bibiana,http://comune.bibiana.to.it,C:\Users\giuli\Desktop\Scraping comuni\Screenshots\Bibiana.jpg,No,0,C:\Users\giuli\Desktop\Scraping comuni\Matches\Bibiana.jpg
Bobbio Pellice,http://comune.bobbiopellice.to.it,,Errore,0,
Bollengo,http://comune.bollengo.to.it,C:\Users\giuli\Desktop\Scraping comuni\Screenshots\Bollengo.jpg,No,0,C:\Users\giuli\Desktop\Scraping comuni\Matches\Bollengo.jpg
Borgaro Torinese,http://comune.borgaro-torinese.to.it,C:\Users\giuli\Desktop\Scraping comuni\Screenshots\Borgaro_Torinese.jpg,No,0,C:\Users\giuli\Desktop\Scraping comuni\Matches\Borgaro_Torinese.jpg
Borgiallo,http://comune.borgiallo.to.it,C:\Users\giuli\Desktop\Scraping comuni\Screenshots\Borgiallo.jpg,No,0,C:\Users\giuli\Desktop\Scraping comuni\Matches\Borgiallo.jpg
Borgofranco d'Ivrea,http://comune.borgofranco.to.it,C:\Users\giuli\Desktop\Scraping comuni\Screenshots\Borgofranco_d'Ivrea.jpg,No,0,C:\Users\giuli\Desktop\Scraping comuni\Matches\Borgofranco_d'Ivrea.jpg
Borgomasino,http://comune.borgomasino.to.it,C:\Users\giuli\Desktop\Scraping comuni\Screenshots\Borgomasino.jpg,No,0,C:\Users\giuli\Desktop\Scraping comuni\Matches\Borgomasino.jpg
Borgone Susa,http://comune.borgonesusa.to.it,C:\Users\giuli\Desktop\Scraping comuni\Screenshots\Borgone_Susa.jpg,No,0,C:\Users\giuli\Desktop\Scraping comuni\Matches\Borgone_Susa.jpg
Bosconero,http://bosconerocanavese.it,,Errore,0,
Brandizzo,http://comune.brandizzo.to.it,C:\Users\giuli\Desktop\Scraping comuni\Screenshots\Brandizzo.jpg,No,0,C:\Users\giuli\Desktop\Scraping comuni\Matches\Brandizzo.jpg
Bricherasio,http://comune.bricherasio.to.it,C:\Users\giuli\Desktop\Scraping comuni\Screenshots\Bricherasio.jpg,No,0,C:\Users\giuli\Desktop\Scraping comuni\Matches\Bricherasio.jpg
Brosso,http://comune.brosso.to.it,C:\Users\giuli\Desktop\Scraping comuni\Screenshots\Brosso.jpg,No,0,C:\Users\giuli\Desktop\Scraping comuni\Matches\Brosso.jpg
Brozolo,http://comune.brozolo.to.it,C:\Users\giuli\Desktop\Scraping comuni\Screenshots\Brozolo.jpg,No,0,C:\Users\giuli\Desktop\Scraping comuni\Matches\Brozolo.jpg
Bruino,http://comune.bruino.to.it,C:\Users\giuli\Desktop\Scraping comuni\Screenshots\Bruino.jpg,No,0,C:\Users\giuli\Desktop\Scraping comuni\Matches\Bruino.jpg
Brusasco,http://comune.brusasco.to.gov.it,,Errore,0,
Bruzolo,http://comune.bruzolo.to.it,,Errore,0,
Buriasco,http://comune.buriasco.to.it/,C:\Users\giuli\Desktop\Scraping comuni\Screenshots\Buriasco.jpg,No,0,C:\Users\giuli\Desktop\Scraping comuni\Matches\Buriasco.jpg
Burolo,http://comune.burolo.to.it/,C:\Users\giuli\Desktop\Scraping comuni\Screenshots\Burolo.jpg,No,0,C:\Users\giuli\Desktop\Scraping comuni\Matches\Burolo.jpg
Busano,http://comune.busano.to.it/,C:\Users\giuli\Desktop\Scraping comuni\Screenshots\Busano.jpg,No,0,C:\Users\giuli\Desktop\Scraping comuni\Matches\Busano.jpg
Bussoleno,http://comune.bussoleno.to.it/,C:\Users\giuli\Desktop\Scraping comuni\Screenshots\Bussoleno.jpg,No,0,C:\Users\giuli\Desktop\Scraping comuni\Matches\Bussoleno.jpg
Buttigliera Alta,http://comune.buttiglieraalta.to.it/,C:\Users\giuli\Desktop\Scraping comuni\Screenshots\Buttigliera_Alta.jpg,No,0,C:\Users\giuli\Desktop\Scraping comuni\Matches\Buttigliera_Alta.jpg
Cafasse,http://comune.cafasse.to.it/,C:\Users\giuli\Desktop\Scraping comuni\Screenshots\Cafasse.jpg,No,0,C:\Users\giuli\Desktop\Scraping comuni\Matches\Cafasse.jpg
Caluso,http://comune.caluso.to.it/,C:\Users\giuli\Desktop\Scraping comuni\Screenshots\Caluso.jpg,No,0,C:\Users\giuli\Desktop\Scraping comuni\Matches\Caluso.jpg
Cambiano,http://comune.cambiano.to.it,C:\Users\giuli\Desktop\Scraping comuni\Screenshots\Cambiano.jpg,No,0,C:\Users\giuli\Desktop\Scraping comuni\Matches\Cambiano.jpg
Campiglione Fenile,http://comune.campiglionefenile.to.it/,C:\Users\giuli\Desktop\Scraping comuni\Screenshots\Campiglione_Fenile.jpg,No,0,C:\Users\giuli\Desktop\Scraping comuni\Matches\Campiglione_Fenile.jpg
Candia Canavese,http://comune.candia.to.it,C:\Users\giuli\Desktop\Scraping comuni\Screenshots\Candia_Canavese.jpg,No,0,C:\Users\giuli\Desktop\Scraping comuni\Matches\Candia_Canavese.jpg
Candiolo,http://comune.candiolo.torino.it,C:\Users\giuli\Desktop\Scraping comuni\Screenshots\Candiolo.jpg,No,0,C:\Users\giuli\Desktop\Scraping comuni\Matches\Candiolo.jpg
Canischio,http://comune.canischio.to.it,C:\Users\giuli\Desktop\Scraping comuni\Screenshots\Canischio.jpg,No,0,C:\Users\giuli\Desktop\Scraping comuni\Matches\Canischio.jpg
Cantalupa,http://comune.cantalupa.to.it,C:\Users\giuli\Desktop\Scraping comuni\Screenshots\Cantalupa.jpg,No,0,C:\Users\giuli\Desktop\Scraping comuni\Matches\Cantalupa.jpg
Cantoira,http://comune.cantoira.to.it,C:\Users\giuli\Desktop\Scraping comuni\Screenshots\Cantoira.jpg,No,0,C:\Users\giuli\Desktop\Scraping comuni\Matches\Cantoira.jpg
Caprie,http://comune.caprie.to.it,C:\Users\giuli\Desktop\Scraping comuni\Screenshots\Caprie.jpg,No,0,C:\Users\giuli\Desktop\Scraping comuni\Matches\Caprie.jpg
Caravino,http://comune.caravino.to.it,C:\Users\giuli\Desktop\Scraping comuni\Screenshots\Caravino.jpg,No,0,C:\Users\giuli\Desktop\Scraping comuni\Matches\Caravino.jpg
Carema,http://comune.carema.to.it,C:\Users\giuli\Desktop\Scraping comuni\Screenshots\Carema.jpg,No,0,C:\Users\giuli\Desktop\Scraping comuni\Matches\Carema.jpg
Carignano,http://comune.carignano.to.it,C:\Users\giuli\Desktop\Scraping comuni\Screenshots\Carignano.jpg,No,0,C:\Users\giuli\Desktop\Scraping comuni\Matches\Carignano.jpg
Carmagnola,http://comune.carmagnola.to.it/ComHome.asp,C:\Users\giuli\Desktop\Scraping comuni\Screenshots\Carmagnola.jpg,No,0,C:\Users\giuli\Desktop\Scraping comuni\Matches\Carmagnola.jpg
Casalborgone,http://comune.casalborgone.to.it,C:\Users\giuli\Desktop\Scraping comuni\Screenshots\Casalborgone.jpg,No,0,C:\Users\giuli\Desktop\Scraping comuni\Matches\Casalborgone.jpg
Cascinette d'Ivrea,http://comune.cascinette.to.it,C:\Users\giuli\Desktop\Scraping comuni\Screenshots\Cascinette_d'Ivrea.jpg,No,0,C:\Users\giuli\Desktop\Scraping comuni\Matches\Cascinette_d'Ivrea.jpg
Caselette,http://comune.caselette.to.it,C:\Users\giuli\Desktop\Scraping comuni\Screenshots\Caselette.jpg,No,0,C:\Users\giuli\Desktop\Scraping comuni\Matches\Caselette.jpg
Caselle Torinese,http://comune.caselle-torinese.to.it,C:\Users\giuli\Desktop\Scraping comuni\Screenshots\Caselle_Torinese.jpg,No,0,C:\Users\giuli\Desktop\Scraping comuni\Matches\Caselle_Torinese.jpg
Castagneto Po,http://comune.castagnetopo.to.it,C:\Users\giuli\Desktop\Scraping comuni\Screenshots\Castagneto_Po.jpg,No,0,C:\Users\giuli\Desktop\Scraping comuni\Matches\Castagneto_Po.jpg
Castagnole Piemonte,http://comune.castagnolepiemonte.to.it,C:\Users\giuli\Desktop\Scraping comuni\Screenshots\Castagnole_Piemonte.jpg,No,0,C:\Users\giuli\Desktop\Scraping comuni\Matches\Castagnole_Piemonte.jpg
Castellamonte,http://comune.castellamonte.to.it,C:\Users\giuli\Desktop\Scraping comuni\Screenshots\Castellamonte.jpg,No,0,C:\Users\giuli\Desktop\Scraping comuni\Matches\Castellamonte.jpg
Castelnuovo Nigra,http://comune.castelnuovonigra.to.it,C:\Users\giuli\Desktop\Scraping comuni\Screenshots\Castelnuovo_Nigra.jpg,No,0,C:\Users\giuli\Desktop\Scraping comuni\Matches\Castelnuovo_Nigra.jpg
Castiglione Torinese,http://comune.castiglionetorinese.to.it,C:\Users\giuli\Desktop\Scraping comuni\Screenshots\Castiglione_Torinese.jpg,No,0,C:\Users\giuli\Desktop\Scraping comuni\Matches\Castiglione_Torinese.jpg
Cavagnolo,http://comune.cavagnolo.to.it,C:\Users\giuli\Desktop\Scraping comuni\Screenshots\Cavagnolo.jpg,No,0,C:\Users\giuli\Desktop\Scraping comuni\Matches\Cavagnolo.jpg
Cavour,http://comune.cavour.to.it,C:\Users\giuli\Desktop\Scraping comuni\Screenshots\Cavour.jpg,No,0,C:\Users\giuli\Desktop\Scraping comuni\Matches\Cavour.jpg
Cercenasco,http://comune.cercenasco.to.it,C:\Users\giuli\Desktop\Scraping comuni\Screenshots\Cercenasco.jpg,No,0,C:\Users\giuli\Desktop\Scraping comuni\Matches\Cercenasco.jpg
Ceres,http://comune.ceres.to.it,C:\Users\giuli\Desktop\Scraping comuni\Screenshots\Ceres.jpg,No,0,C:\Users\giuli\Desktop\Scraping comuni\Matches\Ceres.jpg
Ceresole Reale,http://comune.ceresolereale.to.it,C:\Users\giuli\Desktop\Scraping comuni\Screenshots\Ceresole_Reale.jpg,No,0,C:\Users\giuli\Desktop\Scraping comuni\Matches\Ceresole_Reale.jpg
Cesana Torinese,http://comune.cesana.to.it,C:\Users\giuli\Desktop\Scraping comuni\Screenshots\Cesana_Torinese.jpg,No,0,C:\Users\giuli\Desktop\Scraping comuni\Matches\Cesana_Torinese.jpg
Chialamberto,http://comune.chialamberto.to.it,C:\Users\giuli\Desktop\Scraping comuni\Screenshots\Chialamberto.jpg,No,0,C:\Users\giuli\Desktop\Scraping comuni\Matches\Chialamberto.jpg
Chianocco,http://comune.chianocco.to.it,C:\Users\giuli\Desktop\Scraping comuni\Screenshots\Chianocco.jpg,No,0,C:\Users\giuli\Desktop\Scraping comuni\Matches\Chianocco.jpg
Chiaverano,http://comune.chiaverano.to.it,C:\Users\giuli\Desktop\Scraping comuni\Screenshots\Chiaverano.jpg,No,0,C:\Users\giuli\Desktop\Scraping comuni\Matches\Chiaverano.jpg
Chieri,http://comune.chieri.to.it,C:\Users\giuli\Desktop\Scraping comuni\Screenshots\Chieri.jpg,No,0,C:\Users\giuli\Desktop\Scraping comuni\Matches\Chieri.jpg
Chiesanuova,http://comune.chiesanuova.to.it,C:\Users\giuli\Desktop\Scraping comuni\Screenshots\Chiesanuova.jpg,No,0,C:\Users\giuli\Desktop\Scraping comuni\Matches\Chiesanuova.jpg
Chiomonte,http://comune.chiomonte.to.it,C:\Users\giuli\Desktop\Scraping comuni\Screenshots\Chiomonte.jpg,No,0,C:\Users\giuli\Desktop\Scraping comuni\Matches\Chiomonte.jpg
Chiusa di San Michele,http://comune.chiusadisanmichele.to.it,C:\Users\giuli\Desktop\Scraping comuni\Screenshots\Chiusa_di_San_Michele.jpg,No,0,C:\Users\giuli\Desktop\Scraping comuni\Matches\Chiusa_di_San_Michele.jpg
Chivasso,http://comune.chivasso.to.it,C:\Users\giuli\Desktop\Scraping comuni\Screenshots\Chivasso.jpg,No,0,C:\Users\giuli\Desktop\Scraping comuni\Matches\Chivasso.jpg
Ciconio,http://comune.ciconio.to.it,C:\Users\giuli\Desktop\Scraping comuni\Screenshots\Ciconio.jpg,No,0,C:\Users\giuli\Desktop\Scraping comuni\Matches\Ciconio.jpg
Cintano,http://comune.cintano.to.it,C:\Users\giuli\Desktop\Scraping comuni\Screenshots\Cintano.jpg,No,0,C:\Users\giuli\Desktop\Scraping comuni\Matches\Cintano.jpg
Cinzano,http://comune.cinzano.to.it,C:\Users\giuli\Desktop\Scraping comuni\Screenshots\Cinzano.jpg,No,0,C:\Users\giuli\Desktop\Scraping comuni\Matches\Cinzano.jpg
Ciriè,http://cirie.net,,Errore,0,
Claviere,http://comune.claviere.to.it,C:\Users\giuli\Desktop\Scraping comuni\Screenshots\Claviere.jpg,No,0,C:\Users\giuli\Desktop\Scraping comuni\Matches\Claviere.jpg
Coassolo Torinese,http://comune.coassolo.to.it,C:\Users\giuli\Desktop\Scraping comuni\Screenshots\Coassolo_Torinese.jpg,No,0,C:\Users\giuli\Desktop\Scraping comuni\Matches\Coassolo_Torinese.jpg
Coazze,http://comune.coazze.to.it,C:\Users\giuli\Desktop\Scraping comuni\Screenshots\Coazze.jpg,No,0,C:\Users\giuli\Desktop\Scraping comuni\Matches\Coazze.jpg
Collegno,http://comune.collegno.gov.it,,Errore,0,
Colleretto Castelnuovo,http://comune.collerettocastelnuovo.to.it,C:\Users\giuli\Desktop\Scraping comuni\Screenshots\Colleretto_Castelnuovo.jpg,No,0,C:\Users\giuli\Desktop\Scraping comuni\Matches\Colleretto_Castelnuovo.jpg
Colleretto Giacosa,http://comune.collerettogiacosa.to.it/,C:\Users\giuli\Desktop\Scraping comuni\Screenshots\Colleretto_Giacosa.jpg,No,0,C:\Users\giuli\Desktop\Scraping comuni\Matches\Colleretto_Giacosa.jpg
Condove,http://comune.condove.to.it,C:\Users\giuli\Desktop\Scraping comuni\Screenshots\Condove.jpg,No,0,C:\Users\giuli\Desktop\Scraping comuni\Matches\Condove.jpg
Corio,http://comune.corio.to.it,C:\Users\giuli\Desktop\Scraping comuni\Screenshots\Corio.jpg,No,0,C:\Users\giuli\Desktop\Scraping comuni\Matches\Corio.jpg
Cossano Canavese,http://comune.cossano.to.it,C:\Users\giuli\Desktop\Scraping comuni\Screenshots\Cossano_Canavese.jpg,No,0,C:\Users\giuli\Desktop\Scraping comuni\Matches\Cossano_Canavese.jpg
Cuceglio,http://comune.cuceglio.to.it,C:\Users\giuli\Desktop\Scraping comuni\Screenshots\Cuceglio.jpg,No,0,C:\Users\giuli\Desktop\Scraping comuni\Matches\Cuceglio.jpg
Cumiana,http://comune.cumiana.to.it,C:\Users\giuli\Desktop\Scraping comuni\Screenshots\Cumiana.jpg,No,0,C:\Users\giuli\Desktop\Scraping comuni\Matches\Cumiana.jpg
Cuorgnè,http://comune.cuorgne.to.it,C:\Users\giuli\Desktop\Scraping comuni\Screenshots\Cuorgnè.jpg,Errore,0,
Druento,http://comune.druento.to.it,C:\Users\giuli\Desktop\Scraping comuni\Screenshots\Druento.jpg,No,0,C:\Users\giuli\Desktop\Scraping comuni\Matches\Druento.jpg
Exilles,http://comune.exilles.to.it,C:\Users\giuli\Desktop\Scraping comuni\Screenshots\Exilles.jpg,No,0,C:\Users\giuli\Desktop\Scraping comuni\Matches\Exilles.jpg
Favria,http://comune.favria.to.it,C:\Users\giuli\Desktop\Scraping comuni\Screenshots\Favria.jpg,No,0,C:\Users\giuli\Desktop\Scraping comuni\Matches\Favria.jpg
Feletto,http://comune.feletto.to.it/,C:\Users\giuli\Desktop\Scraping comuni\Screenshots\Feletto.jpg,No,0,C:\Users\giuli\Desktop\Scraping comuni\Matches\Feletto.jpg
Fenestrelle,http://comune.fenestrelle.to.it,C:\Users\giuli\Desktop\Scraping comuni\Screenshots\Fenestrelle.jpg,No,0,C:\Users\giuli\Desktop\Scraping comuni\Matches\Fenestrelle.jpg
Fiano,http://comune.fiano.to.it,C:\Users\giuli\Desktop\Scraping comuni\Screenshots\Fiano.jpg,No,0,C:\Users\giuli\Desktop\Scraping comuni\Matches\Fiano.jpg
Fiorano Canavese,http://comune.fioranocanavese.to.it,C:\Users\giuli\Desktop\Scraping comuni\Screenshots\Fiorano_Canavese.jpg,No,0,C:\Users\giuli\Desktop\Scraping comuni\Matches\Fiorano_Canavese.jpg
Foglizzo,http://comune.foglizzo.to.it,C:\Users\giuli\Desktop\Scraping comuni\Screenshots\Foglizzo.jpg,No,0,C:\Users\giuli\Desktop\Scraping comuni\Matches\Foglizzo.jpg
Forno Canavese,http://comune.fornocanavese.to.it,C:\Users\giuli\Desktop\Scraping comuni\Screenshots\Forno_Canavese.jpg,No,0,C:\Users\giuli\Desktop\Scraping comuni\Matches\Forno_Canavese.jpg
Frassinetto,http://comune.frassinetto.to.it,C:\Users\giuli\Desktop\Scraping comuni\Screenshots\Frassinetto.jpg,No,0,C:\Users\giuli\Desktop\Scraping comuni\Matches\Frassinetto.jpg
Front,http://comune.front.to.it,C:\Users\giuli\Desktop\Scraping comuni\Screenshots\Front.jpg,No,0,C:\Users\giuli\Desktop\Scraping comuni\Matches\Front.jpg
Frossasco,http://comune.frossasco.to.it,C:\Users\giuli\Desktop\Scraping comuni\Screenshots\Frossasco.jpg,No,0,C:\Users\giuli\Desktop\Scraping comuni\Matches\Frossasco.jpg
Garzigliana,http://comune.garzigliana.to.it,C:\Users\giuli\Desktop\Scraping comuni\Screenshots\Garzigliana.jpg,No,0,C:\Users\giuli\Desktop\Scraping comuni\Matches\Garzigliana.jpg
Gassino Torinese,http://gassino.gov.it,,Errore,0,
Germagnano,http://comune.germagnano.to.it,C:\Users\giuli\Desktop\Scraping comuni\Screenshots\Germagnano.jpg,No,0,C:\Users\giuli\Desktop\Scraping comuni\Matches\Germagnano.jpg
Giaglione,http://comune.giaglione.to.it,C:\Users\giuli\Desktop\Scraping comuni\Screenshots\Giaglione.jpg,No,0,C:\Users\giuli\Desktop\Scraping comuni\Matches\Giaglione.jpg
Giaveno,http://comune.giaveno.to.it,C:\Users\giuli\Desktop\Scraping comuni\Screenshots\Giaveno.jpg,No,0,C:\Users\giuli\Desktop\Scraping comuni\Matches\Giaveno.jpg
Givoletto,http://comune.givoletto.to.it,C:\Users\giuli\Desktop\Scraping comuni\Screenshots\Givoletto.jpg,No,0,C:\Users\giuli\Desktop\Scraping comuni\Matches\Givoletto.jpg
Gravere,http://comune.gravere.to.it,C:\Users\giuli\Desktop\Scraping comuni\Screenshots\Gravere.jpg,No,0,C:\Users\giuli\Desktop\Scraping comuni\Matches\Gravere.jpg
Groscavallo,http://comune.groscavallo.to.it,C:\Users\giuli\Desktop\Scraping comuni\Screenshots\Groscavallo.jpg,No,0,C:\Users\giuli\Desktop\Scraping comuni\Matches\Groscavallo.jpg
Grosso,http://comune.grosso.to.it,C:\Users\giuli\Desktop\Scraping comuni\Screenshots\Grosso.jpg,No,0,C:\Users\giuli\Desktop\Scraping comuni\Matches\Grosso.jpg
Grugliasco,http://comune.grugliasco.to.it,,Errore,0,
Ingria,http://comune.ingria.to.it,C:\Users\giuli\Desktop\Scraping comuni\Screenshots\Ingria.jpg,No,0,C:\Users\giuli\Desktop\Scraping comuni\Matches\Ingria.jpg
Inverso Pinasca,http://comune.inversopinasca.to.it,C:\Users\giuli\Desktop\Scraping comuni\Screenshots\Inverso_Pinasca.jpg,No,0,C:\Users\giuli\Desktop\Scraping comuni\Matches\Inverso_Pinasca.jpg
Isolabella,http://comune.isolabella.to.it,,Errore,0,
Issiglio,http://comune.issiglio.to.it,C:\Users\giuli\Desktop\Scraping comuni\Screenshots\Issiglio.jpg,No,0,C:\Users\giuli\Desktop\Scraping comuni\Matches\Issiglio.jpg
Ivrea,http://comune.ivrea.to.it,C:\Users\giuli\Desktop\Scraping comuni\Screenshots\Ivrea.jpg,No,0,C:\Users\giuli\Desktop\Scraping comuni\Matches\Ivrea.jpg
La Cassa,http://comune.la-cassa.to.it,C:\Users\giuli\Desktop\Scraping comuni\Screenshots\La_Cassa.jpg,No,0,C:\Users\giuli\Desktop\Scraping comuni\Matches\La_Cassa.jpg
La Loggia,http://comune.laloggia.to.it,C:\Users\giuli\Desktop\Scraping comuni\Screenshots\La_Loggia.jpg,No,0,C:\Users\giuli\Desktop\Scraping comuni\Matches\La_Loggia.jpg
Lanzo Torinese,http://comune.lanzotorinese.to.it,C:\Users\giuli\Desktop\Scraping comuni\Screenshots\Lanzo_Torinese.jpg,No,0,C:\Users\giuli\Desktop\Scraping comuni\Matches\Lanzo_Torinese.jpg
Lauriano,http://comune.lauriano.to.it,,Errore,0,
Leini,http://comune.leini.to.it,C:\Users\giuli\Desktop\Scraping comuni\Screenshots\Leini.jpg,No,0,C:\Users\giuli\Desktop\Scraping comuni\Matches\Leini.jpg
Lemie,http://comune.lemie.to.it,C:\Users\giuli\Desktop\Scraping comuni\Screenshots\Lemie.jpg,No,0,C:\Users\giuli\Desktop\Scraping comuni\Matches\Lemie.jpg
Lessolo,http://comune.lessolo.to.it,C:\Users\giuli\Desktop\Scraping comuni\Screenshots\Lessolo.jpg,No,0,C:\Users\giuli\Desktop\Scraping comuni\Matches\Lessolo.jpg
Levone,http://comune.levone.to.it,C:\Users\giuli\Desktop\Scraping comuni\Screenshots\Levone.jpg,No,0,C:\Users\giuli\Desktop\Scraping comuni\Matches\Levone.jpg
Locana,http://comune.locana.to.it/,C:\Users\giuli\Desktop\Scraping comuni\Screenshots\Locana.jpg,No,0,C:\Users\giuli\Desktop\Scraping comuni\Matches\Locana.jpg
Lombardore,http://comune.lombardore.to.it,C:\Users\giuli\Desktop\Scraping comuni\Screenshots\Lombardore.jpg,No,0,C:\Users\giuli\Desktop\Scraping comuni\Matches\Lombardore.jpg
Lombriasco,http://comune.lombriasco.to.it,C:\Users\giuli\Desktop\Scraping comuni\Screenshots\Lombriasco.jpg,No,0,C:\Users\giuli\Desktop\Scraping comuni\Matches\Lombriasco.jpg
Loranzè,http://comuneloranze.to.it,,Errore,0,
Luserna San Giovanni,http://comune.luserna.to.it,C:\Users\giuli\Desktop\Scraping comuni\Screenshots\Luserna_San_Giovanni.jpg,No,0,C:\Users\giuli\Desktop\Scraping comuni\Matches\Luserna_San_Giovanni.jpg
Lusernetta,http://lusernetta.gov.it,,Errore,0,
Lusigliè,http://comune.lusiglie.to.it,C:\Users\giuli\Desktop\Scraping comuni\Screenshots\Lusigliè.jpg,Errore,0,
Macello,http://comune.macello.to.it,C:\Users\giuli\Desktop\Scraping comuni\Screenshots\Macello.jpg,No,0,C:\Users\giuli\Desktop\Scraping comuni\Matches\Macello.jpg
Maglione,http://comune.maglione.to.it,C:\Users\giuli\Desktop\Scraping comuni\Screenshots\Maglione.jpg,No,0,C:\Users\giuli\Desktop\Scraping comuni\Matches\Maglione.jpg
Marentino,http://comune.marentino.to.it,C:\Users\giuli\Desktop\Scraping comuni\Screenshots\Marentino.jpg,No,0,C:\Users\giuli\Desktop\Scraping comuni\Matches\Marentino.jpg
Massello,http://comunemassello.to.it,,Errore,0,
Mathi,http://comune.mathi.to.it/,C:\Users\giuli\Desktop\Scraping comuni\Screenshots\Mathi.jpg,No,0,C:\Users\giuli\Desktop\Scraping comuni\Matches\Mathi.jpg
Mattie,http://comune.mattie.to.it,C:\Users\giuli\Desktop\Scraping comuni\Screenshots\Mattie.jpg,No,0,C:\Users\giuli\Desktop\Scraping comuni\Matches\Mattie.jpg
Mazzè,http://comune.mazze.to.it,C:\Users\giuli\Desktop\Scraping comuni\Screenshots\Mazzè.jpg,Errore,0,
Meana di Susa,http://comune.meanadisusa.to.it,C:\Users\giuli\Desktop\Scraping comuni\Screenshots\Meana_di_Susa.jpg,No,0,C:\Users\giuli\Desktop\Scraping comuni\Matches\Meana_di_Susa.jpg
Mercenasco,http://comune.mercenasco.to.it,C:\Users\giuli\Desktop\Scraping comuni\Screenshots\Mercenasco.jpg,No,0,C:\Users\giuli\Desktop\Scraping comuni\Matches\Mercenasco.jpg
Mezzenile,http://comune.mezzenile.to.it,C:\Users\giuli\Desktop\Scraping comuni\Screenshots\Mezzenile.jpg,No,0,C:\Users\giuli\Desktop\Scraping comuni\Matches\Mezzenile.jpg
Mombello di Torino,http://comune.mombelloditorino.to.it,C:\Users\giuli\Desktop\Scraping comuni\Screenshots\Mombello_di_Torino.jpg,No,0,C:\Users\giuli\Desktop\Scraping comuni\Matches\Mombello_di_Torino.jpg
Mompantero,http://comune.mompantero.to.it,C:\Users\giuli\Desktop\Scraping comuni\Screenshots\Mompantero.jpg,No,0,C:\Users\giuli\Desktop\Scraping comuni\Matches\Mompantero.jpg
Monastero di Lanzo,http://comune.monasterodilanzo.to.it,,Errore,0,
Moncalieri,http://comune.moncalieri.to.it,C:\Users\giuli\Desktop\Scraping comuni\Screenshots\Moncalieri.jpg,No,0,C:\Users\giuli\Desktop\Scraping comuni\Matches\Moncalieri.jpg
Moncenisio,http://comune.moncenisio.to.it,C:\Users\giuli\Desktop\Scraping comuni\Screenshots\Moncenisio.jpg,No,0,C:\Users\giuli\Desktop\Scraping comuni\Matches\Moncenisio.jpg
Montaldo Torinese,http://comune.montaldotorinese.to.it,C:\Users\giuli\Desktop\Scraping comuni\Screenshots\Montaldo_Torinese.jpg,No,0,C:\Users\giuli\Desktop\Scraping comuni\Matches\Montaldo_Torinese.jpg
Montalenghe,http://comune.montalenghe.to.it,C:\Users\giuli\Desktop\Scraping comuni\Screenshots\Montalenghe.jpg,No,0,C:\Users\giuli\Desktop\Scraping comuni\Matches\Montalenghe.jpg
Montalto Dora,http://comune.montalto-dora.to.it,C:\Users\giuli\Desktop\Scraping comuni\Screenshots\Montalto_Dora.jpg,No,0,C:\Users\giuli\Desktop\Scraping comuni\Matches\Montalto_Dora.jpg
Montanaro,http://comune.montanaro.to.it,C:\Users\giuli\Desktop\Scraping comuni\Screenshots\Montanaro.jpg,No,0,C:\Users\giuli\Desktop\Scraping comuni\Matches\Montanaro.jpg
Monteu da Po,http://comune.monteudapo.to.it,C:\Users\giuli\Desktop\Scraping comuni\Screenshots\Monteu_da_Po.jpg,No,0,C:\Users\giuli\Desktop\Scraping comuni\Matches\Monteu_da_Po.jpg
Moriondo Torinese,http://comune.moriondo.to.it,C:\Users\giuli\Desktop\Scraping comuni\Screenshots\Moriondo_Torinese.jpg,No,0,C:\Users\giuli\Desktop\Scraping comuni\Matches\Moriondo_Torinese.jpg
Nichelino,http://comune.nichelino.to.it,C:\Users\giuli\Desktop\Scraping comuni\Screenshots\Nichelino.jpg,No,0,C:\Users\giuli\Desktop\Scraping comuni\Matches\Nichelino.jpg
Noasca,http://comune.noasca.to.it,C:\Users\giuli\Desktop\Scraping comuni\Screenshots\Noasca.jpg,No,0,C:\Users\giuli\Desktop\Scraping comuni\Matches\Noasca.jpg
Nole,http://comune.nole.to.it,C:\Users\giuli\Desktop\Scraping comuni\Screenshots\Nole.jpg,No,0,C:\Users\giuli\Desktop\Scraping comuni\Matches\Nole.jpg
Nomaglio,http://comune.nomaglio.to.it,C:\Users\giuli\Desktop\Scraping comuni\Screenshots\Nomaglio.jpg,No,0,C:\Users\giuli\Desktop\Scraping comuni\Matches\Nomaglio.jpg
nan,http://comune.none.to.it,,Errore,0,
Novalesa,http://comune.novalesa.to.it,C:\Users\giuli\Desktop\Scraping comuni\Screenshots\Novalesa.jpg,No,0,C:\Users\giuli\Desktop\Scraping comuni\Matches\Novalesa.jpg
Oglianico,http://comune.oglianico.to.it,C:\Users\giuli\Desktop\Scraping comuni\Screenshots\Oglianico.jpg,No,0,C:\Users\giuli\Desktop\Scraping comuni\Matches\Oglianico.jpg
Orbassano,http://comune.orbassano.to.it/it,C:\Users\giuli\Desktop\Scraping comuni\Screenshots\Orbassano.jpg,No,0,C:\Users\giuli\Desktop\Scraping comuni\Matches\Orbassano.jpg
Orio Canavese,http://comune.oriocanavese.to.it,C:\Users\giuli\Desktop\Scraping comuni\Screenshots\Orio_Canavese.jpg,No,0,C:\Users\giuli\Desktop\Scraping comuni\Matches\Orio_Canavese.jpg
Osasco,http://comune.osasco.to.it,C:\Users\giuli\Desktop\Scraping comuni\Screenshots\Osasco.jpg,No,0,C:\Users\giuli\Desktop\Scraping comuni\Matches\Osasco.jpg
Osasio,http://comune.osasio.to.it,C:\Users\giuli\Desktop\Scraping comuni\Screenshots\Osasio.jpg,No,0,C:\Users\giuli\Desktop\Scraping comuni\Matches\Osasio.jpg
Oulx,http://comune.oulx.to.it,C:\Users\giuli\Desktop\Scraping comuni\Screenshots\Oulx.jpg,No,0,C:\Users\giuli\Desktop\Scraping comuni\Matches\Oulx.jpg
Ozegna,http://comune.ozegna.to.it,C:\Users\giuli\Desktop\Scraping comuni\Screenshots\Ozegna.jpg,No,0,C:\Users\giuli\Desktop\Scraping comuni\Matches\Ozegna.jpg
Palazzo Canavese,http://comune.palazzocanavese.to.it,C:\Users\giuli\Desktop\Scraping comuni\Screenshots\Palazzo_Canavese.jpg,No,0,C:\Users\giuli\Desktop\Scraping comuni\Matches\Palazzo_Canavese.jpg
Pancalieri,http://comune.pancalieri.to.it,C:\Users\giuli\Desktop\Scraping comuni\Screenshots\Pancalieri.jpg,No,0,C:\Users\giuli\Desktop\Scraping comuni\Matches\Pancalieri.jpg
Parella,http://comune.parella.to.it,C:\Users\giuli\Desktop\Scraping comuni\Screenshots\Parella.jpg,No,0,C:\Users\giuli\Desktop\Scraping comuni\Matches\Parella.jpg
Pavarolo,http://comune.pavarolo.to.it,C:\Users\giuli\Desktop\Scraping comuni\Screenshots\Pavarolo.jpg,No,0,C:\Users\giuli\Desktop\Scraping comuni\Matches\Pavarolo.jpg
Pavone Canavese,http://comune.pavone.to.it,C:\Users\giuli\Desktop\Scraping comuni\Screenshots\Pavone_Canavese.jpg,No,0,C:\Users\giuli\Desktop\Scraping comuni\Matches\Pavone_Canavese.jpg
Pecetto Torinese,http://comune.pecetto.to.it,C:\Users\giuli\Desktop\Scraping comuni\Screenshots\Pecetto_Torinese.jpg,No,0,C:\Users\giuli\Desktop\Scraping comuni\Matches\Pecetto_Torinese.jpg
Perosa Argentina,http://comune.perosaargentina.to.it,C:\Users\giuli\Desktop\Scraping comuni\Screenshots\Perosa_Argentina.jpg,No,0,C:\Users\giuli\Desktop\Scraping comuni\Matches\Perosa_Argentina.jpg
Perosa Canavese,http://comune.perosa-canavese.to.it,C:\Users\giuli\Desktop\Scraping comuni\Screenshots\Perosa_Canavese.jpg,No,0,C:\Users\giuli\Desktop\Scraping comuni\Matches\Perosa_Canavese.jpg
Perrero,http://comune.perrero.to.it,C:\Users\giuli\Desktop\Scraping comuni\Screenshots\Perrero.jpg,No,0,C:\Users\giuli\Desktop\Scraping comuni\Matches\Perrero.jpg
Pertusio,http://comune.pertusio.to.it,C:\Users\giuli\Desktop\Scraping comuni\Screenshots\Pertusio.jpg,No,0,C:\Users\giuli\Desktop\Scraping comuni\Matches\Pertusio.jpg
Pessinetto,http://comune.pessinetto.to.it,C:\Users\giuli\Desktop\Scraping comuni\Screenshots\Pessinetto.jpg,No,0,C:\Users\giuli\Desktop\Scraping comuni\Matches\Pessinetto.jpg
Pianezza,http://comune.pianezza.to.it,C:\Users\giuli\Desktop\Scraping comuni\Screenshots\Pianezza.jpg,No,0,C:\Users\giuli\Desktop\Scraping comuni\Matches\Pianezza.jpg
Pinasca,http://comune.pinasca.to.it,C:\Users\giuli\Desktop\Scraping comuni\Screenshots\Pinasca.jpg,No,0,C:\Users\giuli\Desktop\Scraping comuni\Matches\Pinasca.jpg
Pinerolo,http://comune.pinerolo.to.it,C:\Users\giuli\Desktop\Scraping comuni\Screenshots\Pinerolo.jpg,No,0,C:\Users\giuli\Desktop\Scraping comuni\Matches\Pinerolo.jpg
Pino Torinese,http://comune.pinotorinese.to.it,C:\Users\giuli\Desktop\Scraping comuni\Screenshots\Pino_Torinese.jpg,No,0,C:\Users\giuli\Desktop\Scraping comuni\Matches\Pino_Torinese.jpg
Piobesi Torinese,http://comune.piobesi.to.it,C:\Users\giuli\Desktop\Scraping comuni\Screenshots\Piobesi_Torinese.jpg,No,0,C:\Users\giuli\Desktop\Scraping comuni\Matches\Piobesi_Torinese.jpg
Piossasco,http://comune.piossasco.to.it,C:\Users\giuli\Desktop\Scraping comuni\Screenshots\Piossasco.jpg,No,0,C:\Users\giuli\Desktop\Scraping comuni\Matches\Piossasco.jpg
Piscina,http://comune.piscina.to.it,C:\Users\giuli\Desktop\Scraping comuni\Screenshots\Piscina.jpg,No,0,C:\Users\giuli\Desktop\Scraping comuni\Matches\Piscina.jpg
Piverone,http://comune.piverone.to.it,C:\Users\giuli\Desktop\Scraping comuni\Screenshots\Piverone.jpg,No,0,C:\Users\giuli\Desktop\Scraping comuni\Matches\Piverone.jpg
Poirino,http://comune.poirino.to.it,C:\Users\giuli\Desktop\Scraping comuni\Screenshots\Poirino.jpg,No,0,C:\Users\giuli\Desktop\Scraping comuni\Matches\Poirino.jpg
Pomaretto,http://comune.pomaretto.to.it,C:\Users\giuli\Desktop\Scraping comuni\Screenshots\Pomaretto.jpg,No,0,C:\Users\giuli\Desktop\Scraping comuni\Matches\Pomaretto.jpg
Pont-Canavese,http://comune.pontcanavese.to.it,C:\Users\giuli\Desktop\Scraping comuni\Screenshots\Pont-Canavese.jpg,No,0,C:\Users\giuli\Desktop\Scraping comuni\Matches\Pont-Canavese.jpg
Porte,http://comune.porte.to.it,C:\Users\giuli\Desktop\Scraping comuni\Screenshots\Porte.jpg,No,0,C:\Users\giuli\Desktop\Scraping comuni\Matches\Porte.jpg
Pragelato,http://comune.pragelato.to.it,C:\Users\giuli\Desktop\Scraping comuni\Screenshots\Pragelato.jpg,No,0,C:\Users\giuli\Desktop\Scraping comuni\Matches\Pragelato.jpg
Prali,http://comune.prali.to.it,C:\Users\giuli\Desktop\Scraping comuni\Screenshots\Prali.jpg,No,0,C:\Users\giuli\Desktop\Scraping comuni\Matches\Prali.jpg
Pralormo,http://comune.pralormo.to.it,C:\Users\giuli\Desktop\Scraping comuni\Screenshots\Pralormo.jpg,No,0,C:\Users\giuli\Desktop\Scraping comuni\Matches\Pralormo.jpg
Pramollo,http://comune.pramollo.to.it,C:\Users\giuli\Desktop\Scraping comuni\Screenshots\Pramollo.jpg,No,0,C:\Users\giuli\Desktop\Scraping comuni\Matches\Pramollo.jpg
